-- phpMyAdmin SQL Dump
-- version 5.0.2
-- https://www.phpmyadmin.net/
--
-- Host: 127.0.0.1:3306
-- Generation Time: Apr 18, 2022 at 09:01 AM
-- Server version: 8.0.21
-- PHP Version: 7.3.21

SET SQL_MODE = "NO_AUTO_VALUE_ON_ZERO";
START TRANSACTION;
SET time_zone = "+00:00";


/*!40101 SET @OLD_CHARACTER_SET_CLIENT=@@CHARACTER_SET_CLIENT */;
/*!40101 SET @OLD_CHARACTER_SET_RESULTS=@@CHARACTER_SET_RESULTS */;
/*!40101 SET @OLD_COLLATION_CONNECTION=@@COLLATION_CONNECTION */;
/*!40101 SET NAMES utf8mb4 */;

--
-- Database: `luminor`
--

-- --------------------------------------------------------

--
-- Table structure for table `addresses`
--

DROP TABLE IF EXISTS `addresses`;
CREATE TABLE IF NOT EXISTS `addresses` (
  `AID` int NOT NULL AUTO_INCREMENT,
  `STREET_NAME` varchar(255) CHARACTER SET utf8 COLLATE utf8_general_ci NOT NULL,
  `HOUSE_NO` varchar(20) CHARACTER SET utf8 COLLATE utf8_general_ci NOT NULL,
  `CITY` varchar(200) CHARACTER SET utf8 COLLATE utf8_general_ci NOT NULL,
  `COUNTRY` varchar(60) CHARACTER SET utf8 COLLATE utf8_general_ci NOT NULL,
  `ZIP_CODE` varchar(11) CHARACTER SET utf8 COLLATE utf8_general_ci NOT NULL,
  `CID` int NOT NULL,
  PRIMARY KEY (`AID`),
  UNIQUE KEY `CID` (`CID`),
  KEY `INDEX` (`CID`)
) ENGINE=InnoDB AUTO_INCREMENT=70 DEFAULT CHARSET=utf8;

--
-- Dumping data for table `addresses`
--

INSERT INTO `addresses` (`AID`, `STREET_NAME`, `HOUSE_NO`, `CITY`, `COUNTRY`, `ZIP_CODE`, `CID`) VALUES
(48, 'DORFSTRASSE STREET', '12', 'BERLIN', 'GERMANY', 'BR1236', 7),
(49, 'ELIZABETH STREET', '9', 'SYDNEY', 'AUSTRALIA', 'AA10101', 9),
(50, 'AZENESIELA', '6', 'RIGA', 'LATVIA', 'LV1048', 11),
(51, 'AZENESIELA', '6', 'RIGA', 'LATVIA', 'LV1048', 12),
(52, 'AZENESIELA', '6', 'RIGA', 'LATVIA', 'LV1048', 13),
(53, 'ELIZABETH II 41', '15T', 'SYDNEY', 'AUSTRALIA', 'AA1324', 15),
(54, 'ELIZABETH II 41', '15T', 'SYDNEY', 'AUSTRALIA', 'AA1324', 16),
(55, 'ELIZABETH II 41', '15T', 'SYDNEY', 'AUSTRALIA', 'AA1324', 17),
(56, 'Moselstraße 18', '12', 'DUSSELDORF', 'GERMANY', '40219', 18),
(57, 'Moselstraße 18', '12', 'DUSSELDORF', 'GERMANY', '40219', 20),
(58, 'Moselstraße 18', '12', 'DUSSELDORF', 'GERMANY', '40219', 21),
(59, 'CORSO ITALIA STREET', '9', 'MILAN', 'ITALY', '62458', 14),
(60, 'Carrer del Pare Gallifa 3-1', '33', 'BARCELONA', 'SPAIN', '98745', 19),
(61, 'TALBOT STREET', '12', 'CANBERRA', 'AUSTRALIA', '2603', 22),
(62, 'BARKLY STREET', '12', 'CANBERRA', 'AUSTRALIA', '2604', 23),
(63, 'DAVEY STREET', '12', 'CANBERRA', 'AUSTRALIA', '2615', 24),
(64, 'DOMINION STREET', '12', 'CANBERRA', 'AUSTRALIA', '2523', 25),
(65, 'AZENES STREET 6', '144A', 'RIGA', 'LATVIA', 'LV1048', 26),
(66, 'K.BARONA STREET 6', '14B/6', 'JELGAVA', 'LATVIA', 'LV3001', 27),
(67, 'RIGAS STREET 6', '23', 'VENTSPILS', 'LATVIA', 'LV1050', 28),
(68, 'DZIRNAVU STREET 6', '10', 'DAUGAVAPILS', 'LATVIA', 'LV1016', 29),
(69, 'RAINA STREET 6', '1-3T', 'KULDIGA', 'LATVIA', 'LV3301', 30);

-- --------------------------------------------------------

--
-- Table structure for table `customer_info`
--

DROP TABLE IF EXISTS `customer_info`;
CREATE TABLE IF NOT EXISTS `customer_info` (
  `CID` int NOT NULL AUTO_INCREMENT,
  `C_PERSON_CODE` varchar(12) NOT NULL,
  `C_ACCOUNT_NO` varchar(20) NOT NULL,
  `C_NAME` varchar(25) NOT NULL,
  `C_SURNAME` varchar(25) NOT NULL,
  `C_DOB` varchar(10) NOT NULL,
  PRIMARY KEY (`CID`)
) ENGINE=InnoDB AUTO_INCREMENT=32 DEFAULT CHARSET=utf8;

--
-- Dumping data for table `customer_info`
--

INSERT INTO `customer_info` (`CID`, `C_PERSON_CODE`, `C_ACCOUNT_NO`, `C_NAME`, `C_SURNAME`, `C_DOB`) VALUES
(7, '35789-1563', 'LV8812345', 'JOSH', 'SMITH', '09.07.1989'),
(9, '654789', 'LV0098475ABC', 'MICHAEL', 'COLLINS', '23.08.1999'),
(11, '357951-5467', 'LV30RIKO99663322', 'FATIMA', 'KARIMOVA', '08.04.2002'),
(12, '357951-5467', 'LV30RIKO99663322', 'FATIMA', 'KARIMOVA', '08.04.2002'),
(13, '357951-5467', 'LV30RIKO99663322', 'FATIMA', 'KARIMOVA', '08.04.2002'),
(14, '336699-5511', 'LV30RIKO95678424', 'ANGELINA', 'PIT', '09.07.1970'),
(15, '758246-6249', 'LV30RIKO44771524', 'CAMILLA', 'BREADOVICH', '08.08.1999'),
(16, '758246-6249', 'LV30RIKO44771524', 'CAMILLA', 'BREADOVICH', '08.08.1999'),
(17, '758246-6249', 'LV30RIKO44771524', 'CAMILLA', 'BREADOVICH', '08.08.1999'),
(18, '540385-00444', 'LV30RIKO32659878445', 'MONICA', 'GELLER', '15.07.1970'),
(19, '125698-65871', 'LV30RIKO1425857', 'JOSEPH', 'TRIBIANNE', '06.02.1985'),
(20, '540385-00444', 'LV30RIKO32659878445', 'MONICA', 'GELLER', '15.07.1970'),
(21, '540385-00444', 'LV30RIKO32659878445', 'MONICA', 'GELLER', '15.07.1970'),
(22, '25896-37415', 'LV3002RIKO005544', 'ROSS', 'GELLER', '19.09.1980'),
(23, '12385-753913', 'LV3002RIK995527', 'GUNTER', 'CENTRALPERK', '20.01.1982'),
(24, '13957-58321', 'LV3002RIL6218833', 'SHELDON', 'MARS', '01.10.1990'),
(25, '25896-37625', 'LV3002RIK3388126', 'BLACK', 'ROVICH', '02.12.1986'),
(26, '456987-25962', 'LV30RIKO9785243', 'DIMITRIY', 'JANIS', '08.04.1980'),
(27, '692577-78945', 'LV30RIKO789454', 'SOFIJA', 'BERZINS', '08.04.1980'),
(28, '322343-44403', 'LV30RIKO44403', 'EMILIJA', 'KALNINS', '08.04.1980'),
(29, '999764-55598', 'LV30RIKO55598', 'ALISE', 'OZOLINS', '08.04.1980'),
(30, '09876-25962', 'LV30RIKO25962', 'MARTA', 'JANSONS', '08.04.1980'),
(31, '322343-44403', 'LV30RIKO44403', 'EMILIJA', 'KALNINS', '08.04.1980');

-- --------------------------------------------------------

--
-- Table structure for table `payments`
--

DROP TABLE IF EXISTS `payments`;
CREATE TABLE IF NOT EXISTS `payments` (
  `PID` int NOT NULL AUTO_INCREMENT,
  `C_PERSON_CODE` varchar(15) DEFAULT NULL,
  `C_ACCOUNT_NO` varchar(50) DEFAULT NULL,
  `AMOUNT` int DEFAULT NULL,
  `P_DATE` date NOT NULL,
  `DESTINATION_COUNTRY` varchar(60) DEFAULT NULL,
  `CID` int NOT NULL,
  PRIMARY KEY (`PID`),
  KEY `1-...` (`CID`)
) ENGINE=InnoDB AUTO_INCREMENT=78 DEFAULT CHARSET=utf8;

--
-- Dumping data for table `payments`
--

INSERT INTO `payments` (`PID`, `C_PERSON_CODE`, `C_ACCOUNT_NO`, `AMOUNT`, `P_DATE`, `DESTINATION_COUNTRY`, `CID`) VALUES
(22, '35789-1563', 'LV8812345', 10, '2020-02-08', 'GERMANY', 7),
(23, '35789-1563', 'LV8812345', 260, '2020-02-12', 'GERMANY', 7),
(24, '35789-1563', 'LV8812345', 750, '2020-02-13', 'AUSTRALIA', 7),
(25, '35789-1563', 'LV8812345', 50, '2020-02-19', 'AUSTRALIA', 7),
(26, '35789-1563', 'LV8812345', 42, '2020-03-07', 'ESTONIA', 7),
(27, '35789-1563', 'LV8812345', 20, '2020-03-14', 'UKRAINE', 7),
(28, '35789-1563', 'LV8812345', 36, '2020-03-26', 'TURKEY', 7),
(29, '35789-1563', 'LV8812345', 15, '2020-03-27', 'GERMANY', 7),
(30, '654789', 'LV0098475ABC', 250, '2020-02-02', 'AZERBAIJAN', 9),
(31, '654789', 'LV0098475ABC', 360, '2020-03-02', 'AZERBAIJAN', 9),
(32, '654789', 'LV0098475ABC', 12, '2020-03-12', 'RUSSIA', 9),
(33, '654789', 'LV0098475ABC', 25, '2020-02-22', 'CHINA', 9),
(34, '654789', 'LV0098475ABC', 2500, '2020-02-18', 'LATVIA', 9),
(35, '654789', 'LV0098475ABC', 952, '2020-03-02', 'LATVIA', 9),
(36, '654789', 'LV0098475ABC', 33, '2020-02-11', 'LATVIA', 9),
(37, '654789', 'LV0098475ABC', 56, '2020-02-12', 'ESTONIA', 9),
(38, '357951-5467', 'LV30RIKO99663322', 263, '2020-04-04', 'AZERBAIJAN', 11),
(39, '357951-5467', 'LV30RIKO99663322', 263, '2020-04-04', 'AUSTRALIA', 11),
(40, '357951-5467', 'LV30RIKO99663322', 300, '2020-03-14', 'AUSTRALIA', 11),
(41, '357951-5467', 'LV30RIKO99663322', 562, '2020-03-18', 'RUSSIA', 11),
(42, '357951-5467', 'LV30RIKO99663322', 123, '2020-02-22', 'AZERBAIJAN', 11),
(43, '357951-5467', 'LV30RIKO99663322', 63, '2020-02-23', 'LATVIA', 11),
(44, '357951-5467', 'LV30RIKO99663322', 88, '2020-02-15', 'ESTONIA', 11),
(45, '758246-6249', 'LV30RIKO44771524', 99, '2020-04-12', 'AZERBAIJAN', 15),
(46, '357951-5467', 'LV30RIKO99663322', 1536, '2020-04-24', 'ITALY', 15),
(47, '357951-5467', 'LV30RIKO99663322', 12, '2020-02-04', 'ITALY', 15),
(48, '357951-5467', 'LV30RIKO99663322', 130, '2020-02-06', 'AMERICA', 15),
(49, '357951-5467', 'LV30RIKO99663322', 266, '2020-03-26', 'AMERICA', 15),
(50, '357951-5467', 'LV30RIKO99663322', 78, '2020-04-08', 'GERMANY', 15),
(51, '540385-00444', 'LV30RIKO32659878445', 26, '2020-02-18', 'SPAIN', 18),
(52, '540385-00444', 'LV30RIKO32659878445', 159, '2020-02-19', 'MEXICO', 18),
(53, '540385-00444', 'LV30RIKO32659878445', 987, '2020-04-23', 'BRAZIL', 18),
(54, '540385-00444', 'LV30RIKO32659878445', 456, '2020-03-12', 'ESTONIA', 18),
(55, '540385-00444', 'LV30RIKO32659878445', 456, '2020-03-13', 'ENGLAND', 18),
(56, '25896-37415', 'LV3002RIKO005544', 600, '2020-04-03', 'GERMANY', 22),
(57, '25896-37415', 'LV3002RIKO005544', 150, '2020-04-04', 'GERMANY', 22),
(58, '25896-37415', 'LV3002RIKO005544', 365, '2020-04-08', 'GERMANY', 22),
(59, '12385-753913', 'LV3002RIK995527', 750, '2020-04-13', 'GERMANY', 23),
(60, '12385-753913', 'LV3002RIK995527', 60, '2020-04-23', 'GERMANY', 23),
(61, '13957-58321', 'LV3002RIL6218833', 399, '2020-02-06', 'GERMANY', 24),
(62, '13957-58321', 'LV3002RIL6218833', 6, '2020-02-02', 'GERMANY', 24),
(63, '25896-37625', 'LV3002RIK3388126', 456, '2020-03-13', 'GERMANY', 25),
(64, '25896-37625', 'LV3002RIK3388126', 500, '2020-02-15', 'GERMANY', 25),
(65, '456987-25962', 'LV30RIKO9785243', 300, '2020-04-03', 'AUSTRALIA', 26),
(66, '456987-25962', 'LV30RIKO9785243', 100, '2020-02-03', 'AZERBAIJAN', 26),
(67, '456987-25962', 'LV30RIKO9785243', 45, '2020-02-03', 'SPAIN', 26),
(68, '456987-25962', 'LV30RIKO9785243', 20, '2020-02-03', 'LATVIA', 26),
(69, '692577-78945', 'LV30RIKO789454', 30, '2020-04-03', 'INDIA', 27),
(70, '692577-78945', 'LV30RIKO789454', 699, '2020-02-03', 'CHINA', 27),
(71, '692577-78945', 'LV30RIKO789454', 755, '2020-02-03', 'JAPAN', 27),
(72, '322343-44403', 'LV30RIKO44403', 600, '2020-04-12', 'LATVIA', 28),
(73, '322343-44403', 'LV30RIKO44403', 260, '2020-04-18', 'LATVIA', 28),
(74, '999764-55598', 'LV30RIKO55598', 456, '2020-02-19', 'ESTONIA', 29),
(75, '999764-55598', 'LV30RIKO55598', 654, '2020-03-20', 'SWEDEN', 29),
(76, '09876-25962', 'LV30RIKO25962', 357, '2020-02-23', 'DENMARK', 30),
(77, '09876-25962', 'LV30RIKO25962', 951, '2020-03-23', 'NORWAY', 30);

--
-- Constraints for dumped tables
--

--
-- Constraints for table `addresses`
--
ALTER TABLE `addresses`
  ADD CONSTRAINT `1-1` FOREIGN KEY (`CID`) REFERENCES `customer_info` (`CID`) ON DELETE CASCADE ON UPDATE CASCADE;

--
-- Constraints for table `payments`
--
ALTER TABLE `payments`
  ADD CONSTRAINT `1-...` FOREIGN KEY (`CID`) REFERENCES `customer_info` (`CID`) ON DELETE CASCADE ON UPDATE CASCADE;
COMMIT;

/*!40101 SET CHARACTER_SET_CLIENT=@OLD_CHARACTER_SET_CLIENT */;
/*!40101 SET CHARACTER_SET_RESULTS=@OLD_CHARACTER_SET_RESULTS */;
/*!40101 SET COLLATION_CONNECTION=@OLD_COLLATION_CONNECTION */;
